{
  "trial_name": "Report 20260409_121618",
  "timestamp": "2026-04-09T12:16:18",
  "project_name": "Seat_Top_Test1",
  "object": {
    "type": "mesh",
    "source": "C:\\Prem_Varma\\Camera-Coverage-Studio\\3d\\Seat Top.glb",
    "translation_mm": [
      100.0,
      0.0,
      -60.0
    ],
    "rotation_deg": [
      0.0,
      15.0,
      0.0
    ],
    "scale": 0.8
  },
  "cameras": [
    {
      "index": 1,
      "sensor_name": "1/2.8\" (Basler)",
      "position_mm": [
        0.0,
        1200.0,
        0.0
      ],
      "lookat_mm": [
        0.0,
        0.0,
        0.0
      ],
      "focal_length_mm": 4.0,
      "sensor_width_mm": 4.8,
      "sensor_height_mm": 4.015686274509804,
      "image_width_px": 2448,
      "image_height_px": 2048,
      "near_mm": 30.0,
      "far_mm": 1500.0,
      "fov_h_deg": 61.92751306414704,
      "fov_v_deg": 53.30971280115577,
      "up": [
        0.0,
        0.0,
        1.0
      ]
    },
    {
      "index": 2,
      "sensor_name": "1/2.8\" (Basler)",
      "position_mm": [
        200.0,
        500.0,
        1200.0
      ],
      "lookat_mm": [
        0.0,
        0.0,
        0.0
      ],
      "focal_length_mm": 4.0,
      "sensor_width_mm": 4.8,
      "sensor_height_mm": 4.015686274509804,
      "image_width_px": 2448,
      "image_height_px": 2048,
      "near_mm": 30.0,
      "far_mm": 2000.0,
      "fov_h_deg": 61.92751306414704,
      "fov_v_deg": 53.30971280115577,
      "up": [
        0.0,
        0.0,
        1.0
      ]
    },
    {
      "index": 3,
      "sensor_name": "1/2.8\" (Basler)",
      "position_mm": [
        -200.0,
        500.0,
        -1200.0
      ],
      "lookat_mm": [
        0.0,
        0.0,
        0.0
      ],
      "focal_length_mm": 4.0,
      "sensor_width_mm": 4.8,
      "sensor_height_mm": 4.015686274509804,
      "image_width_px": 2448,
      "image_height_px": 2048,
      "near_mm": 30.0,
      "far_mm": 2000.0,
      "fov_h_deg": 61.92751306414704,
      "fov_v_deg": 53.30971280115577,
      "up": [
        0.0,
        0.0,
        1.0
      ]
    }
  ],
  "coverage_stats": {
    "total": 20000,
    "visible": 8414,
    "coverage": 42.07,
    "avg_dist": 1452.653935159825,
    "mm_per_px": 0.7120852623332475,
    "fov_h_deg": 61.92751306414704,
    "fov_v_deg": 53.30971280115577,
    "camera_visible": 5450,
    "camera_coverage": 27.25
  },
  "camera_coverages": [
    {
      "camera_index": 1,
      "visible_points": 6703,
      "coverage_pct": 33.515
    },
    {
      "camera_index": 2,
      "visible_points": 5450,
      "coverage_pct": 27.25
    },
    {
      "camera_index": 3,
      "visible_points": 5801,
      "coverage_pct": 29.005
    }
  ],
  "defect_size_mm": 1.0,
  "sample_points": 20000
}