{
    "version":  1,
    "mesh":  {
                 "type":  "mesh",
                 "path":  "3d/wheel_only.glb"
             },
    "object":  {
                   "translation":  [
                                       0.0,
                                       0.0,
                                       0.0
                                   ],
                   "rotation":  [
                                    0.0,
                                    -30.0,
                                    0.0
                                ],
                   "scale":  0.4
               },
    "cameras":  [
                    {
                        "position":  [
                                         400.0,
                                         400.0,
                                         250.0
                                     ],
                        "lookat":  [
                                       0.0,
                                       0.0,
                                       0.0
                                   ],
                        "focal_length":  6.0,
                        "sensor_width":  4.8,
                        "image_width":  2448,
                        "image_height":  2048,
                        "near":  30.0,
                        "far":  700.0,
                        "up":  [
                                   -0.4082482904638628,
                                   -0.40824829046386324,
                                   -0.816496580927726
                               ]
                    },
                    {
                        "position":  [
                                         -400.0,
                                         400.0,
                                         -250.0
                                     ],
                        "lookat":  [
                                       0.0,
                                       0.0,
                                       0.0
                                   ],
                        "focal_length":  6.0,
                        "sensor_width":  4.8,
                        "image_width":  2448,
                        "image_height":  2048,
                        "near":  30.0,
                        "far":  700.0,
                        "up":  [
                                   0.0,
                                   0.0,
                                   1.0
                               ]
                    }
                ],
    "camera_colors":  [
                          [
                              0.405063271522522,
                              1.0,
                              0.0
                          ],
                          [
                              0.0,
                              1.0,
                              0.9620251655578613
                          ]
                      ],
    "active_camera_idx":  0,
    "sample_points":  20000,
    "camera_marker_radius":  10.0
}
