{
  "trial_name": "Report 20260410_130945",
  "timestamp": "2026-04-10T13:09:45",
  "project_name": "Brezing_Simulation_3CAM",
  "object": {
    "type": "mesh",
    "source": "C:\\Prem_Varma\\Camera-Coverage-Studio\\pipe_structure (2).glb",
    "translation_mm": [
      8.0,
      0.0,
      35.0
    ],
    "rotation_deg": [
      0.0,
      0.0,
      0.0
    ],
    "scale": 0.15
  },
  "cameras": [
    {
      "index": 1,
      "sensor_name": "1/2.8\" (Basler)",
      "position_mm": [
        -70.0,
        35.0,
        70.0
      ],
      "lookat_mm": [
        0.0,
        0.0,
        0.0
      ],
      "focal_length_mm": 3.0,
      "sensor_width_mm": 4.8,
      "sensor_height_mm": 2.6999999999999997,
      "image_width_px": 3840,
      "image_height_px": 2160,
      "near_mm": 10.0,
      "far_mm": 120.0,
      "fov_h_deg": 77.31961650818018,
      "fov_v_deg": 48.45549063590834,
      "up": [
        1.0,
        6.123233995736766e-17,
        0.0
      ]
    },
    {
      "index": 2,
      "sensor_name": "1/2.8\" (Basler)",
      "position_mm": [
        70.0,
        35.0,
        70.0
      ],
      "lookat_mm": [
        0.0,
        0.0,
        0.0
      ],
      "focal_length_mm": 3.0,
      "sensor_width_mm": 4.8,
      "sensor_height_mm": 2.6999999999999997,
      "image_width_px": 3840,
      "image_height_px": 2160,
      "near_mm": 10.0,
      "far_mm": 120.0,
      "fov_h_deg": 77.31961650818018,
      "fov_v_deg": 48.45549063590834,
      "up": [
        0.0,
        0.0,
        1.0
      ]
    },
    {
      "index": 3,
      "sensor_name": "1/2.8\" (Basler)",
      "position_mm": [
        0.0,
        -70.0,
        70.0
      ],
      "lookat_mm": [
        0.0,
        0.0,
        0.0
      ],
      "focal_length_mm": 3.0,
      "sensor_width_mm": 4.8,
      "sensor_height_mm": 2.6999999999999997,
      "image_width_px": 3840,
      "image_height_px": 2160,
      "near_mm": 10.0,
      "far_mm": 120.0,
      "fov_h_deg": 77.31961650818018,
      "fov_v_deg": 48.45549063590834,
      "up": [
        0.0,
        0.0,
        1.0
      ]
    }
  ],
  "coverage_stats": {
    "total": 20000,
    "visible": 9748,
    "coverage": 48.74,
    "avg_dist": 91.16726409024801,
    "mm_per_px": 0.03798636003760334,
    "fov_h_deg": 77.31961650818018,
    "fov_v_deg": 48.45549063590834,
    "camera_visible": 4402,
    "camera_coverage": 22.01
  },
  "camera_coverages": [
    {
      "camera_index": 1,
      "visible_points": 5993,
      "coverage_pct": 29.965
    },
    {
      "camera_index": 2,
      "visible_points": 5568,
      "coverage_pct": 27.84
    },
    {
      "camera_index": 3,
      "visible_points": 4402,
      "coverage_pct": 22.01
    }
  ],
  "defect_size_mm": 1.0,
  "sample_points": 20000
}