{
  "trial_name": "Report 20260409_185633",
  "timestamp": "2026-04-09T18:56:33",
  "project_name": "Marker_Station",
  "object": {
    "type": "mesh",
    "source": "C:\\Prem_Varma\\Camera-Coverage-Studio\\wheel_only.glb",
    "translation_mm": [
      0.0,
      0.0,
      0.0
    ],
    "rotation_deg": [
      -5.0,
      -30.0,
      30.0
    ],
    "scale": 0.4
  },
  "cameras": [
    {
      "index": 1,
      "sensor_name": "1/2.8\" (Basler)",
      "position_mm": [
        0.0,
        0.0,
        600.0
      ],
      "lookat_mm": [
        0.0,
        0.0,
        0.0
      ],
      "focal_length_mm": 6.0,
      "sensor_width_mm": 4.8,
      "sensor_height_mm": 4.015686274509804,
      "image_width_px": 2448,
      "image_height_px": 2048,
      "near_mm": 30.0,
      "far_mm": 700.0,
      "fov_h_deg": 43.60281897270362,
      "fov_v_deg": 37.004658335220235,
      "up": [
        1.0,
        6.123233995736766e-17,
        0.0
      ]
    }
  ],
  "coverage_stats": {
    "total": 20000,
    "visible": 7307,
    "coverage": 36.535,
    "avg_dist": 595.2220798691515,
    "mm_per_px": 0.1945170195650822,
    "fov_h_deg": 43.60281897270362,
    "fov_v_deg": 37.004658335220235,
    "camera_visible": 7307,
    "camera_coverage": 36.535
  },
  "camera_coverages": [
    {
      "camera_index": 1,
      "visible_points": 7307,
      "coverage_pct": 36.535
    }
  ],
  "defect_size_mm": 1.0,
  "sample_points": 20000
}