{
  "trial_name": "Mark_2",
  "timestamp": "2026-04-07T16:20:08",
  "project_name": "Wheel_Simulation_1",
  "object": {
    "type": "mesh",
    "source": "C:\\Prem_Varma\\Camera-Coverage-Studio\\3d\\Wheel Mesh.glb",
    "translation_mm": [
      -20.0,
      0.0,
      10.0
    ],
    "rotation_deg": [
      0.0,
      -32.0,
      0.0
    ],
    "scale": 0.33
  },
  "cameras": [
    {
      "index": 1,
      "sensor_name": "1/2.8\" (Basler)",
      "position_mm": [
        0.0,
        0.0,
        400.0
      ],
      "lookat_mm": [
        0.0,
        0.0,
        0.0
      ],
      "focal_length_mm": 5.0,
      "sensor_width_mm": 4.8,
      "sensor_height_mm": 4.015686274509804,
      "image_width_px": 2448,
      "image_height_px": 2048,
      "near_mm": 30.0,
      "far_mm": 500.0,
      "fov_h_deg": 51.28201164861056,
      "fov_v_deg": 43.7576932655183,
      "up": [
        0.0,
        0.0,
        1.0
      ]
    },
    {
      "index": 2,
      "sensor_name": "1/2.8\" (Basler)",
      "position_mm": [
        0.0,
        0.0,
        -400.0
      ],
      "lookat_mm": [
        0.0,
        0.0,
        0.0
      ],
      "focal_length_mm": 5.0,
      "sensor_width_mm": 4.8,
      "sensor_height_mm": 4.015686274509804,
      "image_width_px": 2448,
      "image_height_px": 2048,
      "near_mm": 30.0,
      "far_mm": 500.0,
      "fov_h_deg": 51.28201164861056,
      "fov_v_deg": 43.7576932655183,
      "up": [
        0.0,
        0.0,
        1.0
      ]
    },
    {
      "index": 3,
      "sensor_name": "1/2.8\" (Basler)",
      "position_mm": [
        0.0,
        0.0,
        -400.0
      ],
      "lookat_mm": [
        0.0,
        0.0,
        0.0
      ],
      "focal_length_mm": 12.0,
      "sensor_width_mm": 4.8,
      "sensor_height_mm": 4.015686274509804,
      "image_width_px": 2448,
      "image_height_px": 2048,
      "near_mm": 30.0,
      "far_mm": 500.0,
      "fov_h_deg": 22.619864948040426,
      "fov_v_deg": 18.997508899041208,
      "up": [
        0.0,
        0.0,
        1.0
      ]
    }
  ],
  "coverage_stats": {
    "total": 20000,
    "visible": 4256,
    "coverage": 21.28,
    "avg_dist": 426.64367872169123,
    "mm_per_px": 0.16731124655752597,
    "fov_h_deg": 51.28201164861056,
    "fov_v_deg": 43.7576932655183,
    "camera_visible": 2307,
    "camera_coverage": 11.535
  },
  "camera_coverages": [
    {
      "camera_index": 1,
      "visible_points": 2523,
      "coverage_pct": 12.615
    },
    {
      "camera_index": 2,
      "visible_points": 2307,
      "coverage_pct": 11.535
    },
    {
      "camera_index": 3,
      "visible_points": 494,
      "coverage_pct": 2.47
    }
  ],
  "defect_size_mm": 1.0,
  "sample_points": 20000,
  "state": {
    "version": 1,
    "mesh": {
      "type": "mesh",
      "path": "C:\\Prem_Varma\\Camera-Coverage-Studio\\3d\\Wheel Mesh.glb"
    },
    "object": {
      "translation": [
        -20.0,
        0.0,
        10.0
      ],
      "rotation": [
        0.0,
        -32.0,
        0.0
      ],
      "scale": 0.33
    },
    "cameras": [
      {
        "position": [
          0.0,
          0.0,
          400.0
        ],
        "lookat": [
          0.0,
          0.0,
          0.0
        ],
        "focal_length": 5.0,
        "sensor_width": 4.8,
        "image_width": 2448,
        "image_height": 2048,
        "near": 30.0,
        "far": 500.0,
        "up": [
          0.0,
          0.0,
          1.0
        ]
      },
      {
        "position": [
          0.0,
          0.0,
          -400.0
        ],
        "lookat": [
          0.0,
          0.0,
          0.0
        ],
        "focal_length": 5.0,
        "sensor_width": 4.8,
        "image_width": 2448,
        "image_height": 2048,
        "near": 30.0,
        "far": 500.0,
        "up": [
          0.0,
          0.0,
          1.0
        ]
      },
      {
        "position": [
          0.0,
          0.0,
          -400.0
        ],
        "lookat": [
          0.0,
          0.0,
          0.0
        ],
        "focal_length": 12.0,
        "sensor_width": 4.8,
        "image_width": 2448,
        "image_height": 2048,
        "near": 30.0,
        "far": 500.0,
        "up": [
          0.0,
          0.0,
          1.0
        ]
      }
    ],
    "camera_colors": [
      [
        0.10000000149011612,
        0.75,
        0.949999988079071
      ],
      [
        0.10000000149011612,
        0.75,
        0.949999988079071
      ],
      [
        0.10000000149011612,
        0.75,
        0.949999988079071
      ]
    ],
    "active_camera_idx": 1,
    "sample_points": 20000,
    "camera_marker_radius": 20.0
  }
}