{
  "trial_name": "Final_Top_View",
  "timestamp": "2026-04-09T15:00:15",
  "project_name": "Top_View_Seat_Final_Simulation",
  "object": {
    "type": "mesh",
    "source": "C:\\Prem_Varma\\Camera-Coverage-Studio\\seat_only_clean.glb",
    "translation_mm": [
      0.0,
      0.0,
      0.0
    ],
    "rotation_deg": [
      0.0,
      15.0,
      0.0
    ],
    "scale": 0.4
  },
  "cameras": [
    {
      "index": 1,
      "sensor_name": "1/2.8\" (Basler)",
      "position_mm": [
        500.0,
        200.0,
        400.0
      ],
      "lookat_mm": [
        0.0,
        -50.0,
        0.0
      ],
      "focal_length_mm": 4.0,
      "sensor_width_mm": 4.8,
      "sensor_height_mm": 4.015686274509804,
      "image_width_px": 2448,
      "image_height_px": 2048,
      "near_mm": 30.0,
      "far_mm": 700.0,
      "fov_h_deg": 61.92751306414704,
      "fov_v_deg": 53.30971280115577,
      "up": [
        0.0,
        0.0,
        1.0
      ]
    },
    {
      "index": 2,
      "sensor_name": "1/2.8\" (Basler)",
      "position_mm": [
        -500.0,
        200.0,
        400.0
      ],
      "lookat_mm": [
        0.0,
        -50.0,
        0.0
      ],
      "focal_length_mm": 4.0,
      "sensor_width_mm": 4.8,
      "sensor_height_mm": 4.015686274509804,
      "image_width_px": 2448,
      "image_height_px": 2048,
      "near_mm": 30.0,
      "far_mm": 700.0,
      "fov_h_deg": 61.92751306414704,
      "fov_v_deg": 53.30971280115577,
      "up": [
        0.0,
        0.0,
        1.0
      ]
    },
    {
      "index": 3,
      "sensor_name": "1/2.8\" (Basler)",
      "position_mm": [
        0.0,
        200.0,
        -500.0
      ],
      "lookat_mm": [
        0.0,
        -50.0,
        0.0
      ],
      "focal_length_mm": 4.0,
      "sensor_width_mm": 4.8,
      "sensor_height_mm": 4.015686274509804,
      "image_width_px": 2448,
      "image_height_px": 2048,
      "near_mm": 30.0,
      "far_mm": 700.0,
      "fov_h_deg": 61.92751306414704,
      "fov_v_deg": 53.30971280115577,
      "up": [
        0.0,
        0.0,
        1.0
      ]
    }
  ],
  "coverage_stats": {
    "total": 20000,
    "visible": 11341,
    "coverage": 56.705,
    "avg_dist": 605.4360148369531,
    "mm_per_px": 0.2967823602141927,
    "fov_h_deg": 61.92751306414704,
    "fov_v_deg": 53.30971280115577,
    "camera_visible": 5724,
    "camera_coverage": 28.62
  },
  "camera_coverages": [
    {
      "camera_index": 1,
      "visible_points": 5612,
      "coverage_pct": 28.06
    },
    {
      "camera_index": 2,
      "visible_points": 5724,
      "coverage_pct": 28.62
    },
    {
      "camera_index": 3,
      "visible_points": 7478,
      "coverage_pct": 37.39
    }
  ],
  "defect_size_mm": 1.0,
  "sample_points": 20000,
  "state": {
    "version": 1,
    "mesh": {
      "type": "mesh",
      "path": "C:\\Prem_Varma\\Camera-Coverage-Studio\\seat_only_clean.glb"
    },
    "object": {
      "translation": [
        0.0,
        0.0,
        0.0
      ],
      "rotation": [
        0.0,
        15.0,
        0.0
      ],
      "scale": 0.4
    },
    "cameras": [
      {
        "position": [
          500.0,
          200.0,
          400.0
        ],
        "lookat": [
          0.0,
          -50.0,
          0.0
        ],
        "focal_length": 4.0,
        "sensor_width": 4.8,
        "image_width": 2448,
        "image_height": 2048,
        "near": 30.0,
        "far": 700.0,
        "up": [
          0.0,
          0.0,
          1.0
        ]
      },
      {
        "position": [
          -500.0,
          200.0,
          400.0
        ],
        "lookat": [
          0.0,
          -50.0,
          0.0
        ],
        "focal_length": 4.0,
        "sensor_width": 4.8,
        "image_width": 2448,
        "image_height": 2048,
        "near": 30.0,
        "far": 700.0,
        "up": [
          0.0,
          0.0,
          1.0
        ]
      },
      {
        "position": [
          0.0,
          200.0,
          -500.0
        ],
        "lookat": [
          0.0,
          -50.0,
          0.0
        ],
        "focal_length": 4.0,
        "sensor_width": 4.8,
        "image_width": 2448,
        "image_height": 2048,
        "near": 30.0,
        "far": 700.0,
        "up": [
          0.0,
          0.0,
          1.0
        ]
      }
    ],
    "camera_colors": [
      [
        0.0,
        0.9620254039764404,
        1.0
      ],
      [
        1.0,
        0.0,
        0.43037986755371094
      ],
      [
        0.9620254039764404,
        1.0,
        0.0
      ]
    ],
    "active_camera_idx": 1,
    "sample_points": 20000,
    "camera_marker_radius": 10.0
  }
}