{
  "trial_name": "seat2",
  "timestamp": "2026-04-08T18:12:07",
  "project_name": "Seat",
  "object": {
    "type": "mesh",
    "source": "C:\\Prem_Varma\\Camera-Coverage-Studio\\3d\\Seat.glb",
    "translation_mm": [
      10.0,
      0.0,
      0.0
    ],
    "rotation_deg": [
      0.0,
      15.0,
      0.0
    ],
    "scale": 0.8
  },
  "cameras": [
    {
      "index": 1,
      "sensor_name": "1/2.8\" (Basler)",
      "position_mm": [
        0.0,
        600.0,
        0.0
      ],
      "lookat_mm": [
        0.0,
        0.0,
        0.0
      ],
      "focal_length_mm": 4.0,
      "sensor_width_mm": 4.8,
      "sensor_height_mm": 4.015686274509804,
      "image_width_px": 2448,
      "image_height_px": 2048,
      "near_mm": 30.0,
      "far_mm": 700.0,
      "fov_h_deg": 61.92751306414704,
      "fov_v_deg": 53.30971280115577,
      "up": [
        0.0,
        0.0,
        1.0
      ]
    },
    {
      "index": 2,
      "sensor_name": "1/2.8\" (Basler)",
      "position_mm": [
        500.0,
        200.0,
        500.0
      ],
      "lookat_mm": [
        0.0,
        0.0,
        0.0
      ],
      "focal_length_mm": 4.0,
      "sensor_width_mm": 4.8,
      "sensor_height_mm": 4.015686274509804,
      "image_width_px": 2448,
      "image_height_px": 2048,
      "near_mm": 30.0,
      "far_mm": 800.0,
      "fov_h_deg": 61.92751306414704,
      "fov_v_deg": 53.30971280115577,
      "up": [
        0.0,
        0.0,
        1.0
      ]
    },
    {
      "index": 3,
      "sensor_name": "1/2.8\" (Basler)",
      "position_mm": [
        -500.0,
        200.0,
        -500.0
      ],
      "lookat_mm": [
        0.0,
        0.0,
        0.0
      ],
      "focal_length_mm": 4.0,
      "sensor_width_mm": 4.8,
      "sensor_height_mm": 4.015686274509804,
      "image_width_px": 2448,
      "image_height_px": 2048,
      "near_mm": 30.0,
      "far_mm": 800.0,
      "fov_h_deg": 61.92751306414704,
      "fov_v_deg": 53.30971280115577,
      "up": [
        0.0,
        0.0,
        1.0
      ]
    }
  ],
  "coverage_stats": {
    "total": 20000,
    "visible": 6409,
    "coverage": 32.045,
    "avg_dist": 648.597412659748,
    "mm_per_px": 0.3179399081665431,
    "fov_h_deg": 61.92751306414704,
    "fov_v_deg": 53.30971280115577,
    "camera_visible": 2738,
    "camera_coverage": 13.69
  },
  "camera_coverages": [
    {
      "camera_index": 1,
      "visible_points": 4183,
      "coverage_pct": 20.915
    },
    {
      "camera_index": 2,
      "visible_points": 2558,
      "coverage_pct": 12.79
    },
    {
      "camera_index": 3,
      "visible_points": 2738,
      "coverage_pct": 13.69
    }
  ],
  "defect_size_mm": 1.0,
  "sample_points": 20000,
  "state": {
    "version": 1,
    "mesh": {
      "type": "mesh",
      "path": "C:\\Prem_Varma\\Camera-Coverage-Studio\\3d\\Seat.glb"
    },
    "object": {
      "translation": [
        10.0,
        0.0,
        0.0
      ],
      "rotation": [
        0.0,
        15.0,
        0.0
      ],
      "scale": 0.8
    },
    "cameras": [
      {
        "position": [
          0.0,
          600.0,
          0.0
        ],
        "lookat": [
          0.0,
          0.0,
          0.0
        ],
        "focal_length": 4.0,
        "sensor_width": 4.8,
        "image_width": 2448,
        "image_height": 2048,
        "near": 30.0,
        "far": 700.0,
        "up": [
          0.0,
          0.0,
          1.0
        ]
      },
      {
        "position": [
          500.0,
          200.0,
          500.0
        ],
        "lookat": [
          0.0,
          0.0,
          0.0
        ],
        "focal_length": 4.0,
        "sensor_width": 4.8,
        "image_width": 2448,
        "image_height": 2048,
        "near": 30.0,
        "far": 800.0,
        "up": [
          0.0,
          0.0,
          1.0
        ]
      },
      {
        "position": [
          -500.0,
          200.0,
          -500.0
        ],
        "lookat": [
          0.0,
          0.0,
          0.0
        ],
        "focal_length": 4.0,
        "sensor_width": 4.8,
        "image_width": 2448,
        "image_height": 2048,
        "near": 30.0,
        "far": 800.0,
        "up": [
          0.0,
          0.0,
          1.0
        ]
      }
    ],
    "camera_colors": [
      [
        0.800000011920929,
        0.550000011920929,
        0.15000000596046448
      ],
      [
        0.800000011920929,
        0.550000011920929,
        0.15000000596046448
      ],
      [
        0.800000011920929,
        0.550000011920929,
        0.15000000596046448
      ]
    ],
    "active_camera_idx": 1,
    "sample_points": 20000,
    "camera_marker_radius": 15.0
  }
}